{"cameraMode":{"drawMode":0,"name":"Shaded","section":"Shading Mode"},"sceneLighting":true,"audioPlay":false,"sceneViewState":{"m_AlwaysRefresh":false,"showFog":true,"showSkybox":true,"showFlares":true,"showImageEffects":true,"showParticleSystems":true,"showVisualEffectGraphs":true,"m_FxEnabled":true},"in2DMode":false,"pivot":{"x":-0.014300504699349404,"y":1.135660171508789,"z":-14.737110137939454},"rotation":{"x":-0.29580628871917727,"y":-0.008026400581002236,"z":0.002485897857695818,"w":-0.9552130103111267},"size":6.179049491882324,"orthographic":false}